{
    "gamma": 2.0,
    "rho": 0.06,
    "ra": 0.05,
    "rb_pos": 0.03,
    "rb_neg": 0.12,
    "chi0": 0.03,
    "chi1": 2.0,
    "xi": 0.1,
    "w": 4.0,
    "Nz": 2.0,
    "crit": 1e-5,
    "Delta": 100.0,
    "maxit": 35.0,
    "I": 100.0,
    "bmin": -2.0,
    "bmax": 40.0,
    "J": 50.0,
    "amin": 0.0,
    "amax": 70.0,
    "z": [0.8,1.3],
    "la_mat": [-0.33333, 0.33333, 0.33333, -0.33333]
}
